{
"abseth":"1",
"absusd":"2",
"ampbtc":"3",
"ampusd":"4",
"ampust":"5",
"asteth":"6",
"astusd":"7",
"atmbtc":"8",
"atmeth":"9",
"atmusd":"10",
"aucbtc":"11",
"auceth":"12",
"aucusd":"13",
"avtbtc":"14",
"avteth":"15",
"avtusd":"16",
"batbtc":"17",
"bateth":"18",
"batusd":"19",
"bbneth":"20",
"bbnusd":"21",
"bftbtc":"22",
"bfteth":"23",
"bftusd":"24",
"bntbtc":"25",
"bnteth":"26",
"bntusd":"27",
"boxeth":"28",
"boxusd":"29",
"btceur":"30",
"btcgbp":"31",
"btcjpy":"32",
"btcusd":"33",
"btcust":"34",
"btcxch":"35",
"btgbtc":"36",
"btgusd":"37",
"bttbtc":"38",
"bttusd":"39",
"clobtc":"40",
"clousd":"41",
"cndbtc":"42",
"cndeth":"43",
"cndusd":"44",
"cnneth":"45",
"cnnusd":"46",
"ctxbtc":"47",
"ctxeth":"48",
"ctxusd":"49",
"daibtc":"50",
"daieth":"51",
"daiusd":"52",
"datbtc":"53",
"dateth":"54",
"datusd":"55",
"dshbtc":"56",
"dshusd":"57",
"dthbtc":"58",
"dtheth":"59",
"dthusd":"60",
"edobtc":"61",
"edoeth":"62",
"edousd":"63",
"elfbtc":"64",
"elfeth":"65",
"elfusd":"66",
"essbtc":"67",
"esseth":"68",
"essusd":"69",
"etcbtc":"70",
"etcusd":"71",
"ethbtc":"72",
"etheur":"73",
"ethgbp":"74",
"ethjpy":"75",
"ethusd":"76",
"ethust":"77",
"etpbtc":"78",
"etpeth":"79",
"etpusd":"80",
"evtusd":"81",
"fttusd":"82",
"fttust":"83",
"geneth":"84",
"genusd":"85",
"gntbtc":"86",
"gnteth":"87",
"gntusd":"88",
"goteth":"89",
"goteur":"90",
"gotusd":"91",
"impeth":"92",
"impusd":"93",
"leobtc":"94",
"leoeos":"95",
"leoeth":"96",
"leousd":"97",
"leoust":"98",
"lrcbtc":"99",
"lrceth":"100",
"lrcusd":"101",
"ltcbtc":"102",
"ltcusd":"103",
"ltcust":"104",
"mgoeth":"105",
"mgousd":"106",
"mkrbtc":"107",
"mkrdai":"108",
"mkreth":"109",
"mkrusd":"110",
"necbtc":"111",
"neceth":"112",
"necusd":"113",
"neobtc":"114",
"neoeth":"115",
"neoeur":"116",
"neogbp":"117",
"neojpy":"118",
"neousd":"119",
"odebtc":"120",
"odeeth":"121",
"odeusd":"122",
"okbbtc":"123",
"okbeth":"124",
"okbusd":"125",
"okbust":"126",
"omgbtc":"127",
"omgdai":"128",
"omgeth":"129",
"omgusd":"130",
"onleth":"131",
"onlusd":"132",
"orsbtc":"133",
"orseth":"134",
"orsusd":"135",
"pnketh":"136",
"pnkusd":"137",
"poabtc":"138",
"poaeth":"139",
"poausd":"140",
"rcnbtc":"141",
"rcneth":"142",
"rcnusd":"143",
"rdnbtc":"144",
"rdneth":"145",
"rdnusd":"146",
"repbtc":"147",
"repeth":"148",
"repusd":"149",
"reqbtc":"150",
"reqeth":"151",
"requsd":"152",
"rlcbtc":"153",
"rlceth":"154",
"rlcusd":"155",
"rteeth":"156",
"rteusd":"157",
"screth":"158",
"scrusd":"159",
"senbtc":"160",
"seneth":"161",
"senusd":"162",
"swmeth":"163",
"swmusd":"164",
"tkneth":"165",
"tknusd":"166",
"trieth":"167",
"triusd":"168",
"trxbtc":"169",
"trxeth":"170",
"trxeur":"171",
"trxgbp":"172",
"trxjpy":"173",
"trxusd":"174",
"ufreth":"175",
"ufrusd":"176",
"uosbtc":"177",
"uosusd":"178",
"ustusd":"179",
"veebtc":"180",
"veeeth":"181",
"veeusd":"182",
"vetbtc":"183",
"veteth":"184",
"vetusd":"185",
"wlousd":"186",
"wloxlm":"187",
"wtceth":"188",
"wtcusd":"189",
"xrpbtc":"190",
"xrpusd":"191",
"xtzbtc":"192",
"xtzusd":"193",
"xvgbtc":"194",
"xvgeth":"195",
"xvgeur":"196",
"xvggbp":"197",
"xvgjpy":"198",
"xvgusd":"199",
"zcnbtc":"200",
"zcneth":"201",
"zcnusd":"202",
"zecbtc":"203",
"zecusd":"204",
"zilbtc":"205",
"zileth":"206",
"zilusd":"207",
"zrxbtc":"208",
"zrxdai":"209",
"zrxeth":"210",
"zrxusd":"211"
}